customer_id,churn_probability,churn_prediction
767114958,0.013138,0
708123033,0.017788,0
715424283,0.040624,0
717865008,0.011768,0
710188308,0.024423,0
716574033,0.010943,0
713183508,0.020955,0
718583133,0.027223,0
783554958,0.014932,0
714418158,0.016403,0
710061783,0.949716,1
716225433,0.041062,0
788327358,0.028243,0
714847983,0.01451,0
720031908,0.003471,0
713700258,0.011385,0
721265883,0.022758,0
715321008,0.911932,1
717831783,0.084867,0
711480108,0.044757,0
797638383,0.004052,0
709950858,0.010976,0
717060858,0.947729,1
716045508,0.033775,0
787482033,0.916295,1
719601708,0.033736,0
717683583,0.003712,0
813905508,0.022181,0
769985883,0.37066,0
718927533,0.03143,0
784868958,0.011333,0
787539333,0.007098,0
789871233,0.01087,0
826061508,0.009847,0
716354883,0.936926,1
717678408,0.017251,0
715341858,0.041678,0
713003358,0.954584,1
713374533,0.048619,0
709985133,0.009016,0
771204108,0.012505,0
713758758,0.027377,0
709453833,0.054349,0
713227233,0.007158,0
714967233,0.771231,1
714358008,0.04436,0
779514558,0.02248,0
794498733,0.015618,0
793015083,0.014447,0
789212883,0.99342,1
718677858,0.027045,0
713675658,0.032981,0
719523108,0.02398,0
708390633,0.049646,0
715098333,0.049542,0
712060158,0.001991,0
716831508,0.114008,0
778172583,0.013444,0
789430083,0.00835,0
709996833,0.888162,1
708890133,0.05197,0
773332908,0.011377,0
715870758,0.032075,0
789363408,0.014762,0
779118708,0.019054,0
710544033,0.008261,0
717500133,0.010738,0
712046808,0.815582,1
815484783,0.012246,0
713843283,0.017464,0
717260058,0.055626,0
773383158,0.072997,0
711041508,0.011993,0
816843933,0.010166,0
715043508,0.013968,0
717241233,0.001504,0
717521508,0.071626,0
708331758,0.051984,0
715571583,0.013665,0
711146358,0.116449,0
789594108,0.014671,0
779327733,0.078925,0
711391308,0.01719,0
718994583,0.020532,0
718212633,0.001588,0
711861258,0.076904,0
718123608,0.007892,0
718958583,0.707906,1
772207683,0.006521,0
719629308,0.677707,1
708303108,0.054358,0
788957358,0.006919,0
708727983,0.085927,0
714217908,0.09519,0
708928908,0.052127,0
712411908,0.045949,0
771075258,0.044665,0
717866133,0.010942,0
713652783,0.03352,0
714076683,0.968964,1
803963808,0.020793,0
778968408,0.018823,0
720064158,0.063337,0
778921908,0.003398,0
770878458,0.003826,0
786087633,0.014881,0
788752833,0.040502,0
766006758,0.048476,0
710342508,0.015156,0
711422358,0.048111,0
778574283,0.040278,0
709987683,0.998824,1
821168733,0.00483,0
717765183,0.018608,0
708723858,0.031608,0
720618033,0.022081,0
718899708,0.039342,0
716437533,0.042612,0
717491058,0.074687,0
711029358,0.068835,0
716768808,0.018614,0
801056358,0.003943,0
779210283,0.0124,0
718441308,5.8e-05,0
713241033,0.059647,0
711064008,0.092595,0
772137183,0.964507,1
788739633,0.767244,1
708953883,0.949365,1
716549058,0.020749,0
824789283,0.018838,0
788252358,0.0014,0
819752133,0.0013,0
716944983,0.045285,0
716545383,0.100085,0
720836808,0.033028,0
783361533,0.014618,0
710893533,0.081399,0
709793133,0.071962,0
716609433,0.846679,1
715222533,0.801547,1
713597658,0.85294,1
720837708,0.015012,0
786546783,0.174369,0
778747608,0.02287,0
801385458,0.006754,0
720844008,0.021659,0
754443033,0.781757,1
799486158,0.006894,0
798140283,0.085844,0
772036233,0.084759,0
711427458,0.302479,0
712727283,0.03238,0
710754933,0.923931,1
709938708,0.011146,0
710831133,0.055878,0
715570533,0.896083,1
794576058,0.011722,0
786557358,0.038171,0
708212658,0.035324,0
818993508,5.1e-05,0
718466883,6.9e-05,0
717085983,0.038722,0
709986633,0.01044,0
779348358,0.895105,1
752944533,0.04702,0
712340733,0.02946,0
814459833,0.073613,0
718373658,0.013949,0
771359958,0.066505,0
779198133,0.011478,0
788618208,0.004649,0
712288158,0.038811,0
711838008,0.80495,1
710202783,0.003138,0
771976683,0.108378,0
716176683,0.052495,0
711278283,0.019209,0
715019883,0.104721,0
720292983,0.029093,0
716498883,0.027912,0
713798958,0.022018,0
716939358,0.016838,0
709005633,0.954081,1
795573333,0.001395,0
771069033,0.007905,0
801709308,0.003292,0
716345283,0.070567,0
714835833,0.022644,0
779783508,0.009877,0
825767658,0.007884,0
717575958,0.969101,1
720753183,0.02293,0
711766758,0.017657,0
711397533,0.006111,0
767058183,0.039904,0
788864508,0.017811,0
778377183,0.018332,0
710844408,0.030517,0
714919308,0.947955,1
708874533,0.972669,1
778356408,6.7e-05,0
769035933,0.005568,0
771228183,0.00815,0
772539558,0.067327,0
714045783,0.966234,1
809797158,0.069588,0
719531133,0.092957,0
719192808,0.022244,0
720662508,0.072342,0
820848408,0.001579,0
712412958,0.040604,0
778984383,6.9e-05,0
712865583,0.001591,0
819997983,0.035512,0
718301508,0.046765,0
789197508,0.044222,0
809459733,0.015501,0
813901458,0.013839,0
772360683,0.053541,0
779725833,0.026003,0
712996833,0.016278,0
779681433,0.858315,1
787591008,0.001134,0
712642533,0.025548,0
721051908,0.02972,0
715503558,0.006775,0
709841433,0.033001,0
710424408,0.080531,0
709592808,0.005954,0
788038383,0.014715,0
714363858,0.034701,0
815015283,0.132497,0
771336783,0.006719,0
738899658,0.927136,1
796170933,0.259381,0
720992883,0.006629,0
712238958,0.005324,0
718530258,0.057867,0
711794358,0.881014,1
716366208,0.007386,0
770038983,0.833183,1
709937583,0.002783,0
787623858,0.043629,0
711676008,0.073502,0
812218908,0.937503,1
720281508,0.006974,0
721139808,0.020629,0
709990983,0.058124,0
718244958,0.045247,0
756639708,0.027902,0
718645308,0.018345,0
717389433,0.062721,0
779310033,0.992787,1
717192933,0.0557,0
718379358,0.007693,0
779661033,0.014238,0
715880283,0.019565,0
719469333,0.009905,0
708974283,0.028084,0
789859833,0.087012,0
772339383,0.037155,0
716319258,0.006641,0
720330558,0.964814,1
789827208,0.021004,0
751450008,0.095199,0
789791808,0.007606,0
717321783,0.071868,0
712549758,0.048767,0
712470033,0.01644,0
719291283,0.038183,0
720413658,0.008646,0
709230708,0.040028,0
708384033,0.798268,1
715029333,0.011854,0
771040758,0.145309,0
711635358,0.00506,0
716604633,0.10616,0
716438433,0.064038,0
711216933,0.032556,0
713916708,0.057718,0
710106933,0.062687,0
806189658,0.001581,0
770632758,0.029725,0
789238683,0.143623,0
711873033,0.900655,1
720384633,0.001845,0
712181658,0.013375,0
714957108,0.030773,0
720247158,0.120253,0
772313358,0.01638,0
803652633,0.056401,0
771422883,0.954077,1
718009158,0.003121,0
712612233,0.019953,0
709901058,0.012246,0
716682258,0.0225,0
711478233,0.223328,0
720040158,0.058595,0
720212508,0.018762,0
787605558,5.9e-05,0
780557658,0.046936,0
709952658,0.022243,0
793379058,0.001581,0
716971833,0.108275,0
720997383,0.887717,1
827111283,0.030409,0
769396158,0.951024,1
820085808,0.136889,0
780349833,0.005511,0
715964058,0.009885,0
771903033,0.024145,0
802668333,0.824385,1
718504983,0.019818,0
714882258,0.004323,0
714211533,0.071503,0
720198183,0.030052,0
803587533,0.009477,0
720050208,0.014061,0
771058908,0.041932,0
708971583,0.032729,0
788812608,0.029431,0
805282908,0.005076,0
717403158,0.08611,0
718418958,0.966204,1
721374033,0.003123,0
710849208,0.01569,0
771823308,0.025355,0
719019483,0.053406,0
769927533,0.004857,0
718951683,0.007481,0
709666908,0.009434,0
719857008,0.011008,0
788709408,0.039479,0
710641008,0.068447,0
815812683,0.04378,0
717624708,0.971785,1
789398733,0.001404,0
716136333,0.901341,1
715162608,0.932575,1
710822808,0.027466,0
714147858,0.04182,0
767333808,0.017982,0
719654283,0.008567,0
766273533,0.029793,0
779601783,0.032155,0
711370458,0.028452,0
715519983,5.7e-05,0
788782008,0.043142,0
787595658,0.013071,0
758211483,0.010157,0
710637183,0.027126,0
712144158,0.874873,1
715378383,0.012876,0
771061008,0.919744,1
719583558,0.015811,0
810986883,0.009017,0
788797983,0.026642,0
815104608,0.052135,0
715369008,0.005565,0
713418558,0.058995,0
708332808,0.021928,0
719729433,0.081654,0
789022233,0.006108,0
714234858,0.005825,0
709170108,0.958773,1
779727558,0.086547,0
708245808,0.023348,0
778255083,0.003051,0
718755483,0.022819,0
712627083,0.823094,1
788990508,0.078546,0
804437658,0.097779,0
778430733,0.057178,0
808747233,0.881631,1
710555433,0.861191,1
708826158,0.008101,0
717023508,0.026315,0
719694408,0.884735,1
710014683,0.02652,0
815596608,0.002684,0
712721358,0.83426,1
716870583,0.021291,0
780076833,0.007448,0
793616883,0.007248,0
789105183,0.029571,0
817970208,0.043155,0
779844408,0.977121,1
719206308,0.008361,0
721269108,0.010578,0
772139433,0.031709,0
717042333,0.911986,1
710273658,0.017197,0
716626008,0.025438,0
716230158,0.007632,0
713010483,0.027387,0
711220683,0.009379,0
721398858,0.032017,0
779400183,0.085898,0
789964983,0.92413,1
715102308,0.014319,0
712730583,0.030442,0
718870158,0.033605,0
719484408,0.093893,0
720244983,0.042145,0
781306758,0.835764,1
779412783,0.017423,0
721217283,0.045662,0
815062383,0.008264,0
714155283,0.048897,0
716981358,0.003375,0
824915208,0.039646,0
708498033,0.936907,1
716860233,0.006251,0
709839858,0.005343,0
713144208,0.94587,1
708573933,0.005327,0
712579983,0.006932,0
790099758,0.060407,0
711305208,0.028668,0
720062508,0.951098,1
708205083,0.006076,0
772336458,0.887971,1
710986758,0.043141,0
789271533,0.013243,0
711360783,0.020052,0
714035283,0.94764,1
720415833,0.01266,0
778873608,0.031436,0
718661958,0.092304,0
719026383,0.111925,0
710229333,0.026043,0
720437358,0.109928,0
811467708,0.024616,0
778933983,0.025943,0
719413383,0.040611,0
718252533,0.871996,1
718188858,0.004351,0
711382458,0.956857,1
721212258,5.3e-05,0
717600483,0.047648,0
761544333,0.031112,0
809425533,0.020146,0
709678608,0.058482,0
713151258,0.071534,0
715345833,0.037889,0
720776508,0.058647,0
720689583,0.007379,0
801728658,0.03892,0
718979733,0.018183,0
721163133,0.034482,0
710595783,0.03389,0
714781908,0.012528,0
709618308,0.011112,0
713971608,0.009779,0
718020408,0.00693,0
716513358,0.043695,0
710401458,0.07219,0
712177908,0.058787,0
719216508,0.01535,0
711017433,0.019922,0
788386908,0.020499,0
710819733,0.931559,1
711978858,0.019789,0
807136758,0.950835,1
716138958,0.012797,0
713070033,0.038147,0
827055333,0.100268,0
827408058,0.018766,0
793608258,0.958045,1
717013383,0.014147,0
714320358,0.1091,0
716948283,0.025184,0
717657333,0.111345,0
788687133,0.043996,0
710736558,0.025102,0
708721533,0.077782,0
817108083,0.80312,1
719737833,0.045328,0
813967983,0.01008,0
771464808,0.021308,0
713025558,0.821457,1
779016408,0.025785,0
712096758,0.00816,0
789523683,0.014942,0
713177808,0.008041,0
718777008,0.060478,0
711004533,0.008916,0
720046458,0.028679,0
710453283,0.196862,0
708736608,0.921401,1
778908783,0.034758,0
716056158,0.953988,1
773257233,0.002935,0
711371208,0.010863,0
711831558,0.014071,0
712164333,0.927519,1
780126033,0.737183,1
821889858,0.957434,1
779656908,0.026673,0
766821033,0.849403,1
789196158,0.05789,0
714228558,0.060987,0
827360883,0.038192,0
712815858,0.035356,0
714533058,4.9e-05,0
790149483,0.007701,0
771584658,0.045603,0
814181433,0.043968,0
788761608,0.011218,0
709009833,0.011346,0
708244458,0.016676,0
797998158,0.01157,0
808279158,0.008176,0
804601833,0.047226,0
789690483,0.028283,0
819109308,0.02043,0
739317558,0.004467,0
721305408,0.014133,0
716535408,0.011923,0
719391783,0.01312,0
780602733,0.0136,0
789556533,0.001589,0
713422083,0.972104,1
721506708,0.043555,0
715774833,0.051949,0
714962658,0.990823,1
783561558,0.048852,0
826709658,0.971944,1
790017858,0.013689,0
712319958,0.055892,0
717483558,0.033967,0
713985183,0.005854,0
708404883,0.153556,0
717208833,0.915439,1
816091608,0.0014,0
709087983,0.015555,0
710763783,0.025355,0
719018208,0.904695,1
713976258,0.016359,0
709554483,0.015104,0
794485158,0.016398,0
718795083,0.003998,0
826451433,0.015256,0
826717533,0.051496,0
715294083,0.727479,1
779187783,0.030061,0
719513733,0.00572,0
709816158,0.124792,0
711720408,0.015079,0
714960408,0.940082,1
770746908,0.01182,0
716101308,0.054441,0
809825358,0.018967,0
719826333,0.034776,0
710207208,0.011681,0
720128658,0.855254,1
780727833,0.064841,0
802247658,0.655459,1
717787533,0.155984,0
721115733,0.00942,0
709446783,0.103963,0
784719708,0.056731,0
718570158,0.031448,0
709965858,0.011745,0
757594083,0.029066,0
789599283,0.007526,0
718947558,0.00413,0
721147383,0.00496,0
720683958,0.117714,0
780657708,0.02684,0
713935533,0.016781,0
713948808,0.03006,0
715406658,0.818039,1
772640808,0.037448,0
708496833,0.850758,1
804847308,0.018355,0
716931183,0.008816,0
714030183,0.069034,0
809296308,0.038943,0
708358683,0.01026,0
794664183,0.01468,0
712475733,0.093527,0
708770883,0.06036,0
821339433,0.011665,0
709206333,0.952005,1
806914158,0.991137,1
709607733,0.01272,0
712843983,0.690213,1
780511683,0.737913,1
709161108,0.690256,1
708272808,0.006624,0
708680583,0.01359,0
708712833,0.015558,0
711947358,0.018189,0
719634408,0.011123,0
718267233,0.05686,0
715479483,0.025494,0
711164508,0.036562,0
719294433,0.034379,0
714412308,0.962537,1
716434533,0.927102,1
719061933,0.119893,0
719091333,0.016733,0
716573058,0.941771,1
740784258,0.004816,0
711863433,0.058339,0
780529908,0.002599,0
715132758,0.001256,0
713934633,0.851876,1
827423433,0.040267,0
708385533,0.858257,1
789407958,0.03741,0
712589658,0.05283,0
714759708,0.060853,0
826068183,0.073242,0
709913733,0.065425,0
789744033,0.067851,0
710926383,0.037514,0
714052158,0.930928,1
714900408,0.231003,0
787532808,0.005669,0
802449933,0.019281,0
755996583,0.986409,1
709625733,0.006561,0
719686458,0.094255,0
708642708,0.99249,1
790082508,0.035763,0
713205108,0.007549,0
710838108,0.055163,0
714427608,0.004906,0
711655683,0.046003,0
826168083,0.040311,0
708553008,0.139966,0
719554758,0.028366,0
820383558,0.008723,0
817293258,0.026337,0
709275558,0.048693,0
816078708,0.017792,0
719490108,0.055635,0
710410158,0.731002,1
813961233,0.010111,0
714259533,0.032756,0
713550483,0.053679,0
719073483,0.728971,1
710428308,0.001833,0
779340183,0.027208,0
788820933,4.9e-05,0
798022683,0.861748,1
717273333,0.013476,0
713952558,0.720184,1
712545183,0.139233,0
789611283,0.040167,0
713339283,0.026645,0
721032633,0.941362,1
719953383,0.015466,0
712814658,0.015796,0
711764733,0.045918,0
715915458,0.030111,0
720712533,0.005817,0
709984083,0.003551,0
719268333,0.008343,0
790048158,0.171937,0
717856983,0.05585,0
715545933,0.009535,0
709861008,0.004346,0
712863183,0.036014,0
712423233,0.003824,0
711648708,0.017993,0
714864333,0.953101,1
788830683,0.060708,0
719358333,0.057376,0
789541458,0.003667,0
711589758,0.006257,0
711574008,0.074286,0
779548008,0.005971,0
801037833,0.008167,0
720924633,0.045106,0
718596858,0.058847,0
737967708,0.006106,0
798110358,0.123285,0
789582483,0.002925,0
710529708,0.087461,0
789526458,0.035961,0
711039633,0.035695,0
828294933,0.807194,1
720422358,0.054321,0
720252858,0.100588,0
788966958,0.077669,0
714435408,0.040931,0
713453733,0.02097,0
711208083,0.001393,0
721220583,0.003374,0
720205608,0.046923,0
789983133,0.028912,0
787581858,0.033894,0
708705783,0.891011,1
717234183,0.080669,0
808705758,0.005067,0
711183558,0.052461,0
812979408,0.940453,1
715354008,0.018757,0
721062408,0.110504,0
712410858,0.01643,0
779116158,0.066286,0
712866933,0.001714,0
710411358,0.88448,1
771881283,0.016041,0
715363908,0.132819,0
789560433,0.929404,1
709752183,0.017204,0
807161508,0.012232,0
708393633,0.024077,0
771886233,0.017083,0
716930133,0.072726,0
809937933,0.006376,0
816596583,0.06352,0
718803333,0.035742,0
795237183,0.020187,0
720419358,0.012482,0
719514783,0.028743,0
780374133,0.023148,0
810868758,0.041959,0
714286383,0.008167,0
708588408,0.030891,0
813338733,0.005474,0
788826408,0.030816,0
713134458,0.075025,0
716350008,0.002179,0
738062658,0.021848,0
709449333,5e-05,0
718665933,0.019868,0
748503708,0.038502,0
807141183,0.041298,0
766381908,0.014582,0
822112383,0.01991,0
709061658,0.025666,0
797166633,0.003803,0
789435783,0.014957,0
708266883,0.859951,1
716793108,0.045637,0
712253058,0.002462,0
716430933,0.01467,0
715746633,0.109325,0
714842208,0.014112,0
713879283,0.103253,0
778679883,0.134179,0
712110333,0.964231,1
720724008,0.018447,0
708387933,0.049739,0
712165308,0.01439,0
720283758,0.811705,1
708473133,0.026292,0
810493458,0.017019,0
711122958,0.922954,1
721502958,0.112321,0
715908558,0.092296,0
711594858,0.023357,0
789513858,0.878564,1
712795833,0.879177,1
719628033,0.142074,0
718282983,0.006061,0
714121983,0.023822,0
709791333,0.074093,0
779916408,0.044586,0
711657783,0.007611,0
780203883,0.027689,0
709367433,0.044047,0
736145283,0.033785,0
711516783,0.085726,0
712104333,0.043458,0
711116133,0.925293,1
712988958,0.057108,0
771201408,0.008353,0
712011633,0.017184,0
713579733,0.022114,0
796544133,0.075788,0
709272333,0.011046,0
715153158,0.013806,0
779342958,0.015753,0
810545733,0.011155,0
805453908,0.001393,0
817086783,0.069973,0
714943233,0.003038,0
789097833,0.020622,0
759584958,0.830252,1
708886533,5.1e-05,0
708761733,0.289486,0
711600033,0.039798,0
769935783,0.01619,0
717446208,0.027956,0
721121283,0.021325,0
819151083,0.007803,0
716470683,0.040161,0
779643858,0.068388,0
787665258,0.861032,1
787475433,0.021953,0
717448383,0.871517,1
710812533,0.960985,1
716461683,0.008607,0
814571058,0.002833,0
712071708,0.127769,0
720769533,0.073163,0
794581533,0.022089,0
715732533,0.82354,1
708286683,0.003481,0
708543258,0.012661,0
713809833,0.009062,0
793636308,0.047909,0
789095958,0.959235,1
757722708,0.044255,0
738627708,0.93354,1
820353558,0.099637,0
718739508,0.199653,0
788943333,0.688207,1
708397008,0.022064,0
711392508,0.019892,0
780653208,0.004886,0
710251608,0.07813,0
719354433,0.024579,0
710676483,0.082538,0
826414083,0.056392,0
720673008,0.057683,0
716736858,0.001405,0
715660308,0.836482,1
785387883,0.012877,0
721028283,0.011459,0
717797658,0.070823,0
712390683,0.07511,0
717965808,0.012311,0
721514883,0.032227,0
718477983,0.012079,0
719671383,0.034193,0
711191808,0.104632,0
708637758,0.062865,0
794675058,0.963812,1
720508233,0.352175,0
713094483,0.038463,0
780064983,0.02768,0
710155158,0.826673,1
710904708,0.006822,0
801715383,0.945077,1
806889633,0.046383,0
794831733,0.044091,0
712019883,0.043618,0
770956158,0.020277,0
778386033,0.163033,0
708147108,0.003063,0
710310108,0.025791,0
771982083,0.006256,0
714754533,0.020923,0
717626508,0.003239,0
718328283,0.019066,0
716739258,0.1316,0
714277758,0.149644,0
720210483,0.037714,0
720411183,0.003179,0
711379083,0.006387,0
798558783,0.002924,0
713363583,0.018355,0
720339558,0.063972,0
715008858,0.005237,0
779037408,0.093351,0
721513833,0.001412,0
714311583,0.097515,0
797414733,0.098126,0
716864733,0.078482,0
712924383,0.907342,1
719854008,0.074646,0
771630783,0.050731,0
771471708,0.010528,0
769463433,0.017389,0
711377808,0.008644,0
713133258,0.030952,0
718162908,0.064983,0
713257083,0.001584,0
772687983,4.9e-05,0
711535158,0.812283,1
799700208,0.005145,0
717177783,0.094732,0
711402333,0.027125,0
714304458,0.020457,0
713347608,0.754791,1
718303683,0.926155,1
714317058,0.008844,0
718152333,0.9269,1
716385033,0.019045,0
720674133,0.030198,0
719153433,0.005883,0
712765158,0.069457,0
713229633,0.936636,1
712256358,0.037177,0
717656433,0.004387,0
771081558,0.012668,0
710702733,0.034328,0
779612808,0.021949,0
713904708,5.3e-05,0
716546283,0.079192,0
711670308,0.021667,0
710856558,0.007724,0
713639958,0.047193,0
716987358,0.845582,1
720008133,0.012976,0
710084883,0.006243,0
816476658,0.750602,1
778486008,0.018835,0
769053033,0.951065,1
716171358,0.003133,0
772684833,0.021702,0
709485033,0.020348,0
713352183,0.016945,0
712557708,0.012584,0
821149008,0.942478,1
711816108,0.966998,1
712532058,0.053387,0
718811058,0.022194,0
713696808,0.969959,1
753233733,0.021803,0
717030633,0.016351,0
718320933,0.004557,0
714608583,0.947985,1
715942683,0.011047,0
771356508,0.102641,0
711326583,0.120476,0
714621183,0.001825,0
712805658,0.023981,0
808981608,0.001586,0
718337733,0.009891,0
715921758,0.010298,0
779803008,0.010092,0
717195933,0.992232,1
712562433,0.957322,1
769578108,0.057311,0
715442958,0.008821,0
708402333,0.035556,0
719334408,0.015225,0
788246958,0.041454,0
780336258,0.019959,0
772706283,0.012663,0
780684933,0.002927,0
712927383,0.987491,1
712820208,5.7e-05,0
721434483,0.037318,0
720659283,0.030365,0
716004258,0.002931,0
713111883,0.054563,0
772248408,0.107485,0
787492908,0.002936,0
718227033,0.06121,0
711320508,0.010111,0
718828083,0.003347,0
709823733,0.804619,1
772116408,0.016312,0
717355533,0.002448,0
715932708,0.064672,0
719679858,0.124999,0
772323033,0.038655,0
714168183,0.044356,0
710719683,0.009849,0
719876808,0.02221,0
778894233,0.004572,0
712881483,0.220884,0
789481233,0.853511,1
714767508,0.03016,0
789144633,0.092895,0
710635083,0.062459,0
711557508,0.002796,0
720650208,0.104498,0
810856833,0.042012,0
712828533,0.275792,0
714503433,0.994501,1
817245183,0.006822,0
709106358,0.085965,0
720179883,0.031994,0
816756783,0.043776,0
812501358,0.021268,0
717203958,0.014431,0
719661558,0.026065,0
716297658,0.095724,0
756065433,0.061183,0
717076458,0.098403,0
716586408,0.063204,0
719776608,0.086036,0
710268858,0.023167,0
719400108,0.023401,0
715398858,0.147834,0
717359208,0.006354,0
788595183,0.071672,0
772082208,0.010279,0
720770883,0.089238,0
716263533,0.005913,0
719848008,0.022499,0
717073308,0.053715,0
716277558,0.047834,0
712010358,0.924587,1
709319658,0.82973,1
794665608,0.107298,0
708997833,0.025344,0
717135333,0.030484,0
795784008,0.934198,1
711728208,0.031658,0
737925558,0.042322,0
719147208,0.019166,0
715941633,0.082347,0
714078558,0.935358,1
719453283,0.001595,0
794507133,0.758806,1
710790258,0.017125,0
755953308,0.081984,0
712710708,0.018416,0
717843783,0.021454,0
710297133,0.007457,0
716222808,0.006566,0
714069858,0.066254,0
787659483,0.034494,0
757167633,0.009182,0
717207408,0.05183,0
778224858,0.002598,0
709103358,0.044779,0
816829608,0.154676,0
719838558,0.001595,0
718161708,0.080452,0
717382608,0.007404,0
711762408,0.005474,0
811571733,0.057984,0
779403558,0.014083,0
718399233,0.057209,0
711343233,0.031336,0
779536233,0.0225,0
718893333,0.008222,0
716697708,0.954654,1
708788583,0.964853,1
713808633,0.06292,0
721210158,0.023595,0
789666333,0.017495,0
710872233,0.679259,1
780497958,0.027188,0
798047583,0.026929,0
817089408,0.019081,0
787472283,0.003047,0
801786483,0.079094,0
709040508,0.002594,0
709257708,0.004758,0
753118533,0.002927,0
812222208,0.056966,0
714187533,0.107494,0
789180933,0.022619,0
718140783,0.051196,0
713924283,0.833315,1
713236458,0.011857,0
816315558,0.062809,0
770135358,0.027609,0
714284358,0.003397,0
712965183,0.029924,0
713668158,0.661755,1
784819758,0.003214,0
712025958,0.004047,0
713653983,5.2e-05,0
712619808,0.024665,0
710086308,0.005474,0
711781233,0.065027,0
708254733,0.046154,0
788930358,0.062659,0
714361083,0.927578,1
713253858,0.925248,1
771020133,0.080219,0
719593608,0.940368,1
714407058,0.075076,0
721282908,0.040147,0
771507258,0.013503,0
716285358,0.03137,0
711985833,0.219202,0
717182883,0.040178,0
714618333,0.015598,0
709443633,0.006254,0
778180158,0.041306,0
713755458,0.927713,1
767269908,0.028672,0
778231983,0.015641,0
769911858,0.039317,0
711866358,0.003546,0
774437583,0.070839,0
711232608,0.937805,1
721315233,0.012398,0
713401758,0.006258,0
769438608,0.937092,1
713172408,0.029769,0
778425408,0.056473,0
718611333,0.007954,0
771400608,0.089628,0
719990358,0.011624,0
714250908,0.966619,1
715992558,0.008531,0
713181558,0.104392,0
793597833,0.010985,0
816013383,0.937401,1
715518783,0.01161,0
779353083,0.103367,0
719881533,0.924416,1
792864858,0.02403,0
808681158,0.087521,0
717390408,0.854355,1
720551733,0.940725,1
772273983,0.941444,1
720648483,0.085455,0
721486908,0.017753,0
716657058,0.03556,0
713630733,0.066332,0
718586133,0.010701,0
717482658,0.020298,0
718503108,0.050157,0
714148758,0.150354,0
708902883,0.090107,0
771499233,0.020442,0
714113658,0.01315,0
713231658,0.016169,0
708319908,0.940425,1
715629783,0.011955,0
820587258,0.016348,0
771852483,0.052044,0
712578933,0.806613,1
711263058,0.01687,0
779405133,0.016041,0
716094333,0.013162,0
778837083,0.907602,1
712434708,0.962352,1
771431133,0.037984,0
709716258,0.02063,0
710464683,0.03283,0
787543008,0.012503,0
709363383,0.015309,0
817988433,0.008416,0
717189183,0.0121,0
710854008,0.067506,0
714531108,0.011006,0
778420383,0.032257,0
809068983,0.020283,0
713131158,0.906054,1
709649958,0.906201,1
754886958,0.036898,0
713476758,0.00893,0
709473708,0.028188,0
708190158,0.694769,1
719813058,0.02468,0
708158133,0.936803,1
815826708,0.017434,0
712682583,0.105176,0
714917583,0.011698,0
711577458,0.037068,0
717623583,0.034902,0
708899283,0.075862,0
720249183,0.045048,0
718653333,0.995578,1
721424583,0.007973,0
708451233,0.071408,0
788122533,0.186811,0
708298233,0.90429,1
711935283,0.949516,1
769892058,0.022747,0
717954333,0.02346,0
820108008,0.007015,0
712840608,0.020472,0
817240833,0.017839,0
771051783,0.0672,0
779895108,0.09429,0
714811533,0.049785,0
714945708,0.834295,1
712925808,0.939599,1
712302783,0.008333,0
710725383,0.020295,0
708710283,0.004792,0
708382083,0.04246,0
767404083,0.985096,1
773297508,0.08515,0
717478983,0.015098,0
709679658,0.013747,0
721427358,0.933869,1
718178583,0.00629,0
718489608,0.022737,0
721349883,0.053205,0
787505133,0.920787,1
711521958,0.021854,0
708271833,0.044762,0
711242058,0.94283,1
718524783,0.956745,1
715050408,0.051239,0
757527033,0.065652,0
717580458,0.821591,1
714938733,0.97068,1
719170683,0.014326,0
715347783,0.143017,0
790108908,0.02422,0
789218433,0.061133,0
789469083,0.020717,0
715797783,0.070227,0
713761608,0.059941,0
771669183,0.006094,0
779521533,0.005054,0
715554708,0.040978,0
767687208,0.004804,0
708655983,0.058617,0
720729108,0.015419,0
708722583,0.008438,0
715371108,0.886855,1
797238108,0.019953,0
718640508,0.073851,0
709487058,0.018192,0
712948383,0.028841,0
708469533,0.025523,0
709104333,0.184677,0
755420433,0.033794,0
718996758,0.038909,0
719445633,0.016525,0
709231683,0.035817,0
708846183,0.009022,0
826723308,0.002752,0
710825658,0.03556,0
796931508,0.97159,1
808753758,0.008748,0
789494133,0.041798,0
816312633,0.030487,0
720029508,0.089612,0
714971583,0.001584,0
789325008,0.015858,0
713287608,0.12251,0
754872333,0.098509,0
713573508,0.959348,1
718875483,0.011116,0
780237033,0.013908,0
710363433,0.007708,0
795232683,0.006127,0
719577258,0.921996,1
717400533,0.031193,0
713047608,0.936356,1
716645883,0.017214,0
709707033,0.918694,1
711112683,0.069052,0
799723908,0.001399,0
712290258,0.000118,0
710462433,0.005895,0
812446158,0.015968,0
788741733,0.007623,0
780201633,0.973505,1
713656308,0.147994,0
710749458,0.027686,0
817142433,0.077426,0
789491058,0.16855,0
812488608,0.021655,0
710563458,0.006627,0
716013858,0.037877,0
717890583,0.018579,0
789540108,0.005852,0
708753633,0.042152,0
772776033,0.056105,0
751283658,0.088847,0
711237633,0.96733,1
817197333,0.187456,0
718737708,0.028715,0
710507733,0.018183,0
712979133,0.69384,1
717975333,0.041169,0
787563858,0.018163,0
779442783,0.001288,0
720608658,6e-05,0
714524583,0.957529,1
713580633,0.085864,0
712214283,0.010235,0
720190083,0.972209,1
718394658,0.036237,0
708615183,0.025372,0
827476983,0.710898,1
803335008,0.018801,0
711658758,0.012628,0
721232058,0.138006,0
809599158,0.971491,1
717127083,0.014836,0
709243533,0.004872,0
711267633,0.929261,1
809849358,0.911055,1
720708183,0.018514,0
805259733,0.049738,0
712660308,0.942447,1
714296358,0.124239,0
823578483,0.017064,0
709749483,0.018836,0
715215108,0.02151,0
718415133,0.111327,0
710500983,0.802579,1
714970458,0.02033,0
708931908,0.030284,0
749571633,0.014073,0
801508383,0.015448,0
717185658,0.9201,1
812618883,0.046363,0
819002508,0.087961,0
710218233,0.018053,0
719344608,0.137025,0
718464258,0.070176,0
710512833,0.08583,0
718032483,0.031619,0
710159658,0.052175,0
715765758,0.049277,0
811700058,0.781477,1
806824908,0.007702,0
712428333,0.003577,0
710971908,0.009503,0
718011783,0.010502,0
721399833,0.019086,0
710975883,0.021013,0
712420833,0.039348,0
803115258,0.899197,1
721005108,0.00566,0
788610258,0.015974,0
716159958,0.013309,0
789231858,0.038986,0
719123958,0.985475,1
719337408,0.221438,0
779486433,0.001612,0
817337958,0.035564,0
712774908,0.036662,0
813234108,0.025092,0
792524358,0.019299,0
719282433,0.044207,0
720299283,5.8e-05,0
709479558,0.058687,0
716102583,0.050231,0
713733633,0.832691,1
795155433,0.002779,0
711783483,0.012361,0
721532583,0.86669,1
714753258,0.001399,0
721055058,0.042479,0
720510333,0.004396,0
718146258,0.070014,0
715664808,0.931373,1
719964933,0.009985,0
709173108,0.985258,1
719722308,0.032028,0
719666283,0.028081,0
780006783,0.979195,1
715601808,0.076262,0
769720683,0.013035,0
765692658,0.019123,0
717819633,0.014836,0
718699683,0.023276,0
797169633,0.007029,0
710636208,0.061551,0
709309308,0.911948,1
819690933,0.019538,0
711615933,0.076927,0
714933783,0.049317,0
778643733,0.880621,1
712867983,0.147053,0
718939083,0.964901,1
713512308,0.867202,1
790123983,0.030944,0
711153783,0.010357,0
744483633,0.047628,0
719971458,0.005042,0
716506083,0.860438,1
716329383,0.895687,1
719719158,0.03732,0
716107158,0.551036,1
714477408,0.892855,1
773146383,0.157933,0
708635058,0.005174,0
803421108,0.027017,0
716210283,0.011012,0
711315783,0.041062,0
712489158,0.085084,0
718576908,0.017189,0
753208833,0.105496,0
798546408,0.009602,0
827114058,0.041475,0
771453033,0.077437,0
718452633,0.974489,1
718026858,0.019992,0
721181883,0.019892,0
717609633,0.028359,0
710927733,0.08383,0
711551958,0.975485,1
716365233,0.032234,0
783121008,0.001586,0
716780283,0.034325,0
718471758,0.045896,0
756571983,0.099066,0
714700158,0.007535,0
794191008,0.010971,0
711000933,0.003229,0
789025083,0.016318,0
717074283,0.941579,1
714243408,0.07694,0
716462658,0.132755,0
719944458,0.001847,0
718866633,0.02779,0
714247458,0.021339,0
783910008,0.009524,0
714294183,0.920399,1
789530208,0.10756,0
714389058,0.00176,0
772661808,5e-05,0
710135058,0.018446,0
716805408,0.00311,0
789304983,0.142103,0
743912958,0.012259,0
715311183,6e-05,0
720264783,0.0074,0
788771733,5.6e-05,0
711724083,0.863337,1
717628608,0.140078,0
712319058,0.026359,0
772231233,0.077937,0
715315008,0.125064,0
778853358,0.068918,0
714581358,0.973856,1
710810883,0.016346,0
709879458,0.022266,0
811970808,0.033493,0
720015183,0.015682,0
708907833,0.009522,0
826261008,0.903865,1
794682483,0.014142,0
708098133,0.05371,0
711069483,0.095881,0
709537683,0.910053,1
710770383,0.089379,0
809811858,0.944689,1
772216833,0.005924,0
717830583,0.009713,0
713779908,0.005749,0
712507758,0.013127,0
716093133,0.022417,0
817382958,0.043094,0
714400308,0.017724,0
789466008,0.018188,0
710289783,0.704753,1
712659408,5.2e-05,0
788791383,0.053709,0
709822008,0.040456,0
816615633,0.140597,0
718521258,0.127554,0
713533983,0.01836,0
709444983,0.925636,1
717405408,0.006763,0
753226158,0.005512,0
780384483,0.804522,1
720096558,0.025357,0
778567983,0.033213,0
711649908,0.002928,0
718038483,0.010063,0
719519058,0.900108,1
770985633,0.032378,0
713600958,0.073897,0
719801508,0.006824,0
713686008,0.034488,0
720401658,0.89458,1
715572783,0.048725,0
817908783,0.007451,0
712361583,0.045205,0
709108533,0.002491,0
718490658,0.057146,0
790006383,0.247956,0
710744433,0.061244,0
780865308,0.108437,0
716643033,0.971709,1
789241308,0.975027,1
721344858,0.045168,0
717050883,0.033749,0
788979258,0.052281,0
719125158,0.125426,0
709545333,0.060809,0
721165608,0.014954,0
714652383,0.006594,0
737921733,0.251117,0
804428958,0.004971,0
720075558,0.060093,0
769676358,0.005794,0
716378658,0.141536,0
714479358,0.879268,1
712141683,0.157604,0
710005683,0.008856,0
721228308,0.98987,1
758833758,0.211587,0
787565433,0.061045,0
780253533,0.118374,0
714595983,0.991616,1
709547658,0.941245,1
711801933,0.975577,1
715808808,0.023475,0
711294258,0.009178,0
708542283,0.065713,0
787514433,0.04104,0
779773533,0.029607,0
807964908,0.004634,0
757753083,0.063034,0
779331558,0.02336,0
799026633,0.026514,0
719898108,0.019989,0
711252258,0.059516,0
719724933,0.010283,0
715413483,0.016498,0
751518633,0.727671,1
742552683,0.006265,0
756598833,0.032045,0
794562783,0.068721,0
779942808,0.021931,0
789151983,0.001283,0
779598183,0.019201,0
720714933,0.008129,0
708536283,0.878086,1
714548733,0.03119,0
713796033,0.941855,1
770817783,0.033031,0
716032233,0.010741,0
719806233,0.022673,0
712835433,0.009344,0
713975433,0.01019,0
715076358,0.89216,1
720731808,0.585356,1
714616308,0.005632,0
717502083,0.881617,1
789362058,0.025219,0
794530608,0.055143,0
709007883,0.028135,0
709219533,0.059779,0
787723758,0.017381,0
710968008,0.006413,0
780638958,0.020963,0
716951658,0.073636,0
715956258,0.078941,0
785119833,0.100197,0
710723958,0.029378,0
714011358,0.074431,0
717724233,0.0844,0
754671558,0.089399,0
794514108,0.037506,0
719385558,0.186209,0
712637283,0.038464,0
714222183,0.004682,0
709175208,0.033168,0
717112533,0.089766,0
714426783,0.046554,0
721448283,0.896015,1
782548758,0.040006,0
717561108,0.007414,0
720585183,0.060092,0
714643983,0.001408,0
712291308,0.049198,0
713036208,0.005827,0
709979583,0.071867,0
717517758,0.018243,0
717271983,0.048397,0
718528008,0.007263,0
719118708,0.82343,1
708657033,0.013776,0
717489033,0.875672,1
818926833,0.254239,0
708338958,0.015229,0
827683383,0.020926,0
717099408,0.06387,0
716878533,0.03399,0
797410983,0.037143,0
789625383,0.068206,0
709701558,0.03492,0
708334158,0.058069,0
710638233,0.863022,1
794496033,0.018605,0
709738008,0.002781,0
808756458,0.012949,0
710982858,0.01131,0
718451133,0.028346,0
717991533,0.002749,0
713104458,0.971779,1
715783758,5.6e-05,0
716891583,0.018944,0
714557583,0.099068,0
714840858,0.045622,0
788911458,7.4e-05,0
712521783,0.045009,0
716756133,0.02248,0
793550958,0.023612,0
768687183,0.003528,0
778170633,0.002925,0
789307833,0.098253,0
718291233,0.005444,0
718984533,0.015741,0
794293908,0.06741,0
708829758,0.023069,0
717016833,0.033911,0
711339258,0.02428,0
708754833,0.018033,0
716773533,0.038971,0
788896983,0.043534,0
715694433,0.00912,0
708403308,0.087884,0
715511658,0.012875,0
717327783,0.02024,0
717384183,0.034769,0
818929158,0.073536,0
789539058,0.028732,0
718357458,0.089888,0
709530408,0.026227,0
826245858,0.847909,1
716800908,0.046516,0
714425283,0.002498,0
718345233,0.255091,0
713128833,0.064419,0
769577358,0.035356,0
758824608,0.014987,0
716742483,0.029062,0
710905908,0.015008,0
712902483,0.006098,0
772105608,0.016562,0
809951133,0.650489,1
710015733,0.966526,1
716893683,0.961913,1
788808633,0.017379,0
714100008,0.819192,1
717211608,0.030982,0
711008508,0.007269,0
712899333,0.049982,0
714091983,0.020699,0
802878408,0.054076,0
715958583,0.006311,0
716142858,0.011232,0
720449208,0.000277,0
739021908,0.058151,0
817035108,0.006275,0
718957083,0.008194,0
712084383,0.016321,0
771952683,0.008489,0
719782458,0.027536,0
721164483,0.020667,0
806989008,0.005066,0
709624533,0.062819,0
710570058,0.797002,1
713114133,0.951326,1
771224358,0.0181,0
809440008,0.979903,1
785515533,0.035631,0
713709258,0.016209,0
708104658,0.099432,0
817958733,0.033317,0
721183983,0.046541,0
810220833,0.007113,0
713373708,0.929351,1
715710708,0.001701,0
717443658,0.013906,0
717915783,0.925644,1
779217333,0.011443,0
710794983,0.006399,0
795855258,0.075269,0
788719533,0.317838,0
720782658,0.001592,0
720034983,0.079399,0
713536158,0.006865,0
755262933,0.038859,0
719136183,0.023532,0
715898058,0.023854,0
716315508,0.917213,1
788667408,0.089763,0
768949983,0.091954,0
778882758,0.00806,0
709465758,0.027772,0
719781183,0.027431,0
720101658,0.151598,0
713782608,0.016688,0
802101858,0.07708,0
708757233,0.001416,0
709711758,0.856636,1
772000533,0.065719,0
720827133,0.973944,1
789903708,0.014356,0
719855958,0.007193,0
713254983,0.015708,0
709120008,0.230048,0
720927183,0.061521,0
716875083,0.064862,0
716988633,0.043314,0
711553308,0.021175,0
788802483,0.001256,0
708908883,0.009513,0
712644483,0.068868,0
716311683,0.012639,0
779707308,0.074869,0
720595083,0.042339,0
715034358,0.050615,0
720897783,0.025516,0
826513233,0.014821,0
826065258,0.058874,0
772426383,0.017358,0
717972408,0.027328,0
708888633,0.952886,1
714916758,0.032156,0
710888883,0.007753,0
717296808,0.091283,0
713847858,0.949858,1
768728508,0.001589,0
762020133,0.979617,1
710706558,0.28188,0
709278258,0.809266,1
710679933,0.801782,1
713152383,0.018226,0
771429408,0.031229,0
770721858,0.011851,0
778686408,0.037624,0
771682533,0.030275,0
712378983,0.860665,1
714615258,0.922723,1
713027058,0.919158,1
789485433,0.002782,0
716368008,0.79425,1
771935283,0.038414,0
779315508,0.832365,1
794843883,0.009717,0
822084333,0.910715,1
714893733,0.06631,0
719474583,0.05262,0
717141858,0.035637,0
712714008,0.00522,0
719570733,0.04201,0
720980958,0.010542,0
720964683,0.081278,0
718263108,0.879997,1
789101883,0.09327,0
809292483,0.05581,0
778973658,0.078675,0
708560733,0.043077,0
721171008,0.030487,0
781297983,0.050161,0
778228458,0.053095,0
797668983,0.018601,0
713492583,0.895167,1
715799808,0.956296,1
711647808,0.022865,0
720840108,0.045171,0
711349083,0.220747,0
721247883,0.001393,0
720497958,0.048174,0
719466558,0.05055,0
753220383,0.930707,1
757481283,0.010163,0
778506633,0.978325,1
819634233,0.984283,1
753795633,0.944109,1
715435758,0.004481,0
772063308,0.01941,0
718205283,0.00734,0
720863133,0.035499,0
709288383,0.010294,0
709213458,0.889975,1
708670608,0.023981,0
709150608,0.155641,0
713105508,0.079631,0
716303583,0.016485,0
787669233,0.031232,0
771488583,0.036332,0
708269583,0.002033,0
779809908,0.003141,0
720973833,0.060896,0
720236433,0.026548,0
717895833,0.00141,0
718921683,0.035096,0
713828208,0.071366,0
779241783,0.01055,0
797241108,0.029007,0
716635758,0.032433,0
714536208,0.070949,0
709372608,0.00275,0
769574883,0.358604,0
718286658,0.010008,0
714839808,0.01277,0
718342158,0.897505,1
778573233,0.003391,0
715680933,0.017765,0
708396033,0.004459,0
713356833,0.035732,0
814593858,0.020147,0
771592458,0.002898,0
827631483,0.036563,0
811721133,0.091874,0
720443358,0.003608,0
709477233,0.024873,0
711942783,0.049517,0
768848658,0.021281,0
788772708,0.005091,0
717109983,0.02045,0
712128258,0.062444,0
720621408,0.042939,0
710295858,0.005182,0
714647808,0.017536,0
712374708,0.008841,0
715547058,0.986894,1
720539583,0.039626,0
712952283,0.00159,0
710475408,0.013655,0
715007583,0.018977,0
713061558,0.121691,0
772288758,0.019628,0
713977308,0.001579,0
801064833,0.018092,0
708129933,0.014629,0
789167658,0.095456,0
720286908,0.008927,0
716565258,0.110366,0
708564858,0.883758,1
778895883,0.063244,0
709410033,0.017057,0
710745633,0.024253,0
709008708,0.02709,0
714738858,5.4e-05,0
713639058,0.92967,1
719739108,0.075448,0
826079508,0.007563,0
710795883,0.000111,0
710404533,0.013619,0
719359458,0.094525,0
821837958,0.038196,0
710691633,0.002455,0
779296908,0.180808,0
710797833,0.050573,0
804337233,0.013389,0
713823033,0.972999,1
720076458,0.006815,0
809818008,0.034036,0
717376758,0.006861,0
795844983,0.012181,0
789368658,0.04038,0
720462633,0.010509,0
708938508,0.016406,0
709560258,0.841431,1
717513933,0.04642,0
711113958,0.058204,0
713995233,0.015864,0
717906783,0.086873,0
716516208,0.037475,0
756658083,0.031023,0
718692258,0.016141,0
719816583,0.882009,1
787578183,0.007777,0
788699808,0.141059,0
809320908,0.029657,0
789942033,0.90121,1
714006333,0.745666,1
710813733,0.086586,0
711679533,0.03882,0
709212183,0.034601,0
807523008,0.026017,0
787480158,0.02167,0
711272058,0.023975,0
720033033,0.001406,0
794124708,0.099615,0
790164408,0.049994,0
714831033,0.096671,0
718731183,0.879159,1
827888433,0.070519,0
711992133,0.004456,0
711809283,0.028518,0
714574083,0.137535,0
769189083,0.043997,0
711968358,0.005263,0
711750183,0.012146,0
716511483,0.003275,0
800869758,0.016065,0
715235808,0.028982,0
714199983,0.008324,0
718540308,0.004123,0
716460933,0.014537,0
780277458,0.006748,0
798011733,0.012112,0
714046608,0.103824,0
713396358,0.019327,0
714005508,0.027185,0
717444558,0.004357,0
713905608,0.059594,0
711126483,0.033601,0
714602658,0.987722,1
716019333,0.012149,0
714869958,0.011634,0
778459833,0.067099,0
789309558,0.055894,0
756736008,0.059167,0
779883933,0.061415,0
709343433,0.017456,0
806908608,0.020459,0
720521808,0.078462,0
709523508,0.053108,0
708373083,0.813174,1
713325108,0.05117,0
819214233,0.077315,0
713188383,0.092129,0
770778108,0.005866,0
716610558,0.076443,0
715174158,0.113814,0
779608083,0.027755,0
780200208,0.009763,0
718675158,0.953116,1
817977933,0.896257,1
755273658,0.005842,0
715022133,0.078665,0
719804208,0.007183,0
780056733,0.017504,0
780373233,0.015155,0
817188408,0.012231,0
772073508,0.967276,1
803805483,0.002185,0
717823383,0.024516,0
789907533,0.862626,1
788259558,0.025306,0
815515158,6.4e-05,0
713884458,0.022936,0
789717708,0.054739,0
708160008,0.004384,0
708702258,0.922005,1
789023508,0.039932,0
719265108,0.059026,0
813213558,0.053975,0
802460433,0.972558,1
717995958,0.00877,0
710697408,0.007835,0
805458933,0.045557,0
713850783,0.025211,0
713876958,0.025195,0
718926258,0.056501,0
717585858,0.079272,0
710303208,0.024232,0
770647233,0.109723,0
715459158,0.002016,0
789185508,0.051749,0
779305008,0.013207,0
713343333,0.005477,0
749067633,0.090017,0
811713408,0.006347,0
789990333,0.096034,0
788770908,0.105816,0
709411383,0.020917,0
708361833,0.028423,0
712801758,0.037647,0
721179708,0.01218,0
708511983,0.03675,0
711388458,0.035123,0
720486408,0.024906,0
709157133,0.017316,0
712240083,0.950592,1
782802033,0.892137,1
712091433,0.019809,0
720494058,0.011345,0
710277183,0.007367,0
789804933,0.029686,0
719022558,0.001398,0
714573258,0.230513,0
709919283,0.043883,0
716481408,0.017939,0
719038008,0.030298,0
793456983,0.014441,0
720597108,0.88772,1
715233108,0.005273,0
709220583,0.041945,0
779324358,0.217047,0
712112733,0.016408,0
714443058,0.947815,1
711109908,0.071152,0
717464958,0.026489,0
713701533,0.004945,0
772565883,0.005334,0
758765808,0.658577,1
716851908,0.056621,0
721500108,0.001297,0
820268358,0.001585,0
717171408,0.09798,0
713567958,0.013598,0
716512383,0.227208,0
713008308,0.017527,0
780942633,0.083475,0
716249508,0.008295,0
714909108,0.065034,0
778708533,0.893464,1
772725408,7.4e-05,0
709534083,0.963758,1
817144458,0.010536,0
807157833,0.001398,0
716371308,0.028594,0
716332533,0.031566,0
716924958,0.896574,1
720904233,0.049262,0
711964533,0.033822,0
788715483,0.001581,0
788832033,0.036212,0
716022258,0.898509,1
712208658,0.012449,0
710482533,0.02239,0
717661908,0.016441,0
720254883,0.044823,0
719532108,0.166615,0
779610033,0.907968,1
819977058,0.009534,0
772202058,0.088558,0
717658758,0.056186,0
720467583,0.001265,0
713314533,0.881921,1
719318583,0.907374,1
789122808,0.817819,1
708525108,0.001246,0
779662308,0.009811,0
717180633,0.062582,0
713000058,0.130026,0
709747308,0.005986,0
712235433,0.935345,1
712405908,0.027539,0
778885158,0.002939,0
789143283,0.012788,0
721233033,0.881557,1
718486608,0.014978,0
713249883,0.008159,0
797743233,0.011093,0
778346283,0.071711,0
721113333,0.03229,0
720707283,0.126699,0
788997408,0.052479,0
710456658,0.019703,0
808796208,0.036093,0
713685033,0.856687,1
788912658,0.026363,0
712157958,0.83153,1
711148308,0.029512,0
719117433,0.077471,0
